{
  "name": "bootstrap-datepicker",
  "version": "1.2.0",
  "main": [
    "js/bootstrap-datepicker.js",
    "css/datepicker.css"
  ],
  "dependencies": {
    "jquery": ">=1.7.1",
    "bootstrap": ">=2.0.4 <3.0"
  },
  "_release": "1.2.0",
  "_resolution": {
    "type": "version",
    "tag": "1.2.0",
    "commit": "b374f23971817d507bded0dc16892e87a6d2fe42"
  },
  "_source": "git://st-bower-app01.na.rtdom.net/bootstrap-datepicker",
  "_target": "<=1.2.0",
  "_originalSource": "bootstrap-datepicker"
}