<assembly xmlns="http://maven.apache.org/plugins/maven-assembly-plugin/assembly/1.1.2"
          xmlns:xsi="http://www.w3.org/2001/XMLSchema-instance"
          xsi:schemaLocation="http://maven.apache.org/plugins/maven-assembly-plugin/assembly/1.1.2 http://maven.apache.org/xsd/assembly-1.1.2.xsd">
    <!-- Defines an assembly descriptor that zips all files under the src/main/webapp folder. -->
    <id>www</id>
    <baseDirectory>/</baseDirectory>
    <formats>
        <format>zip</format>
    </formats>
    <fileSets>
        <!-- copy everything except files in excludes section -->
        <fileSet>
            <directory>${project.basedir}/target/dist</directory>
            <outputDirectory>/</outputDirectory>
            <useDefaultExcludes>true</useDefaultExcludes>
            <includes>
                <include>**</include>
            </includes>
            <excludes>
                <exclude>WEB-INF/**</exclude>
                <!-- <exclude>V3RS10N/**</exclude> -->
            </excludes>
            <filtered>false</filtered>
        </fileSet>
        <!-- copy everything in V3RS10N directory to ${project.version} directory -->
       <!--  <fileSet>
            <directory>${project.basedir}/src/main/webapp/V3RS10N</directory>
            <outputDirectory>/${project.version}</outputDirectory>
            <useDefaultExcludes>true</useDefaultExcludes>
            <includes>
                <include>**</include>
            </includes>
            <filtered>false</filtered>
        </fileSet> -->
    </fileSets>
</assembly>