{
  "name": "bootstrap-daterangepicker",
  "version": "1.3.5-mo",
  "main": "daterangepicker.js",
  "ignore": [
    "**/.*",
    "node_modules",
    "bower_components",
    "test",
    "tests",
    "moment.js",
    "moment.min.js"
  ],
  "dependencies": {
    "jquery": "~1.10",
    "momentjs": "~2.5.1"
  },
  "homepage": "https://github.com/mediaocean/bootstrap-daterangepicker-amd",
  "_release": "1.3.5-mo",
  "_resolution": {
    "type": "version",
    "tag": "1.3.5-mo",
    "commit": "de696f727f4c8f559fbd2a46cbcbb14a6c7b4a91"
  },
  "_source": "https://github.com/mediaocean/bootstrap-daterangepicker-amd.git",
  "_target": "1.3.5-mo",
  "_originalSource": "https://github.com/mediaocean/bootstrap-daterangepicker-amd.git"
}