{
  "name": "bootstrap-javascript",
  "version": "2.3.2",
  "main": "./bootstrap.js",
  "dependencies": {
    "jquery": ">=1.8.3 <2.1.0"
  },
  "readme": "ERROR: No README.md file found!",
  "description": "ERROR: No README.md file found!",
  "repository": {
    "type": "git",
    "url": "git://github.com/alisamar/bootstrap-javascript.git"
  },
  "ignore": [
    "**/.*",
    "node_modules",
    "components"
  ],
  "_release": "2.3.2",
  "_resolution": {
    "type": "version",
    "tag": "v2.3.2",
    "commit": "e3aad29d85cad5a934d95781bf2b939ff3aee2b4"
  },
  "_source": "git://st-bower-app01.na.rtdom.net/bootstrap-javascript",
  "_target": "2.3.2",
  "_originalSource": "bootstrap-javascript"
}