{
  "name": "DOMPurify",
  "version": "0.8.3",
  "homepage": "https://github.com/cure53/DOMPurify",
  "author": "Cure53 <info@cure53.de>",
  "description": "A DOM-only, super-fast, uber-tolerant XSS sanitizer for HTML, MathML and SVG",
  "main": "src/purify.js",
  "keywords": [
    "dom",
    "xss",
    "cross site scripting",
    "html",
    "svg",
    "mathml",
    "sanitizer",
    "filter",
    "sanitize",
    "security",
    "secure"
  ],
  "license": [
    "MPL-2.0",
    "Apache-2.0"
  ],
  "ignore": [
    "**/.*",
    "demos",
    "scripts",
    "test",
    "website"
  ],
  "_release": "0.8.3",
  "_resolution": {
    "type": "version",
    "tag": "0.8.3",
    "commit": "aeff130200ccb13de255847e62a9c01d862c351f"
  },
  "_source": "git://st-bower-app01.na.rtdom.net/dompurify",
  "_target": ">=0.7.0",
  "_originalSource": "dompurify"
}